name,company,lat,lng,dateStart,dateEnd
063-37008,CNX GAS CO LLC,40.581288,-79.382516,2011-09-10,2013-09-13
015-20120,CHESAPEAKE APPALACHIA LLC,41.674048,-76.378271,2009-07-11,2013-08-21
015-21116,CHESAPEAKE APPALACHIA LLC,41.849605,-76.294527,2010-09-20,2013-08-14
069-20255,SOUTHWESTERN ENERGY PROD CO,41.626313,-75.707186,2011-11-28,2013-08-13
047-24135,EOG RESOURCES INC,41.57845,-78.471071,2008-08-21,2013-08-08
131-20153,CHESAPEAKE APPALACHIA LLC,41.590044,-76.182058,2011-11-29,2013-08-07
131-20218,CHESAPEAKE APPALACHIA LLC,41.61493,-76.021063,2011-12-28,2013-08-07
015-21401,CHESAPEAKE APPALACHIA LLC,41.592411,-76.448052,2011-09-22,2013-08-05
047-23931,EOG RESOURCES INC,41.493367,-78.59452,2007-10-20,2013-08-02
115-20606,CHESAPEAKE APPALACHIA LLC,41.76563,-76.095955,2011-07-28,2013-08-02
115-20786,CHESAPEAKE APPALACHIA LLC,41.766058,-76.074958,2012-04-05,2013-08-02
047-24582,HUNT MARCELLUS OPERATING CO LLC,41.543852,-78.685775,2011-08-19,2013-08-01
047-24648,HUNT MARCELLUS OPERATING CO LLC,41.557652,-78.7081,2011-12-09,2013-08-01
033-26401,EOG RESOURCES INC,41.162892,-78.453158,2007-04-13,2013-07-29
131-20119,CHESAPEAKE APPALACHIA LLC,41.596911,-76.174411,2011-12-15,2013-07-29
115-20618,CHESAPEAKE APPALACHIA LLC,41.784111,-76.096122,2011-09-26,2013-07-24
115-20648,CHESAPEAKE APPALACHIA LLC,41.784019,-76.096083,2011-09-26,2013-07-24
115-20650,CHESAPEAKE APPALACHIA LLC,41.784097,-76.096055,2011-09-26,2013-07-24
015-22179,CHESAPEAKE APPALACHIA LLC,41.592419,-76.325569,2012-04-16,2013-07-22
015-21799,CHESAPEAKE APPALACHIA LLC,41.627755,-76.282394,2011-07-29,2013-07-15
015-21719,CHESAPEAKE APPALACHIA LLC,41.614819,-76.296222,2011-11-03,2013-07-15
105-21729,PENN VIRGINIA OIL & GAS CORP,41.790325,-78.033461,2012-04-30,2013-07-12
117-21123,SENECA RESOURCES CORP,41.687147,-77.127197,2011-01-13,2013-07-10
015-21721,CHESAPEAKE APPALACHIA LLC,41.69705,-76.588075,2011-07-01,2013-07-10
015-21903,CHESAPEAKE APPALACHIA LLC,41.783177,-76.602277,2011-11-08,2013-07-10
015-21144,CHESAPEAKE APPALACHIA LLC,41.686127,-76.281133,2011-08-13,2013-07-03
125-23848,ANTERO RESOURCES CORP,40.088147,-79.974383,2010-01-22,2013-06-26
015-21102,CHESAPEAKE APPALACHIA LLC,41.836122,-76.405205,2011-07-20,2013-06-24
015-21623,CHESAPEAKE APPALACHIA LLC,41.836133,-76.405258,2011-07-20,2013-06-24
015-21661,CHESAPEAKE APPALACHIA LLC,41.836072,-76.405227,2011-07-20,2013-06-24
015-22143,CHESAPEAKE APPALACHIA LLC,41.601472,-76.278194,2012-04-23,2013-06-21
113-20125,CHESAPEAKE APPALACHIA LLC,41.491638,-76.420175,2012-03-31,2013-06-20
015-22126,CHESAPEAKE APPALACHIA LLC,41.834938,-76.177883,2012-03-22,2013-06-18
015-22125,CHESAPEAKE APPALACHIA LLC,41.835,-76.177986,2012-04-18,2013-06-18
015-21824,CHESAPEAKE APPALACHIA LLC,41.898933,-76.677894,2011-08-20,2013-06-14
105-21707,PA GEN ENERGY CO LLC,41.830433,-78.156136,2010-10-08,2013-06-11
015-22139,CHESAPEAKE APPALACHIA LLC,41.787869,-76.626011,2012-05-08,2013-06-11
105-21706,PA GEN ENERGY CO LLC,41.830488,-78.156172,2010-10-06,2013-06-10
105-21705,PA GEN ENERGY CO LLC,41.830544,-78.156211,2010-10-05,2013-06-07
105-21708,PA GEN ENERGY CO LLC,41.830494,-78.156219,2010-10-09,2013-06-06
105-21709,PA GEN ENERGY CO LLC,41.830438,-78.15618,2010-10-10,2013-06-05
105-21710,PA GEN ENERGY CO LLC,41.830383,-78.156144,2010-10-11,2013-06-03
033-27074,EOG RESOURCES INC,41.154136,-78.422958,2011-10-13,2013-05-31
033-27078,EOG RESOURCES INC,41.148952,-78.42923,2011-10-13,2013-05-31
033-27075,EOG RESOURCES INC,41.154161,-78.422913,2011-10-14,2013-05-31
033-27077,EOG RESOURCES INC,41.148927,-78.429275,2011-10-14,2013-05-31
033-27076,EOG RESOURCES INC,41.154183,-78.422869,2011-10-15,2013-05-31
033-27079,EOG RESOURCES INC,41.148977,-78.429186,2011-10-15,2013-05-31
033-27163,EOG RESOURCES INC,41.103713,-78.477986,2012-03-30,2013-05-31
059-24716,ENERGY CORP OF AMER,39.879147,-80.047988,2008-07-26,2013-05-04
019-22000,SWEPI LP,41.106863,-80.031372,2012-12-18,2013-02-01
019-21991,SWEPI LP,41.106613,-80.0316,2013-01-30,2013-02-01
081-21032,PA GEN ENERGY CO LLC,41.328277,-77.372241,2013-01-16,2013-01-20
125-24270,RANGE RESOURCES APPALACHIA LLC,40.131733,-80.430786,2011-07-26,2013-01-10
129-27506,CHEVRON APPALACHIA LLC,40.233355,-79.731674,2008-08-18,2013-01-06
033-26870,EOG RESOURCES INC,41.16207,-78.463259,2010-01-13,2012-12-18
115-20477,CABOT OIL & GAS CORP,41.864333,-75.945008,2011-01-21,2012-12-13
115-20493,CABOT OIL & GAS CORP,41.8644,-75.94495,2012-04-19,2012-12-13
115-20668,CABOT OIL & GAS CORP,41.863211,-75.987058,2011-10-27,2012-12-12
115-20476,CABOT OIL & GAS CORP,41.740211,-75.837872,2012-04-19,2012-12-06
115-20914,CABOT OIL & GAS CORP,41.74033,-75.837838,2012-05-02,2012-12-06
059-25409,ENERGY CORP OF AMER,39.872104,-80.003614,2010-03-18,2012-12-04
127-20022,HESS CORP,41.921977,-75.344888,2010-11-17,2012-11-26
081-20253,ANADARKO E&P ONSHORE LLC,41.474233,-77.24528,2010-02-16,2012-11-08
081-20474,ANADARKO E&P ONSHORE LLC,41.427119,-77.006155,2011-01-14,2012-11-08
081-20394,ANADARKO E&P ONSHORE LLC,41.42663,-76.869161,2011-01-20,2012-11-08
081-20468,ANADARKO E&P ONSHORE LLC,41.412408,-76.956258,2011-01-24,2012-11-08
081-20444,ANADARKO E&P ONSHORE LLC,41.400877,-76.959344,2011-02-04,2012-11-08
081-20614,ANADARKO E&P ONSHORE LLC,41.272536,-77.407561,2011-08-06,2012-11-08
081-20615,ANADARKO E&P ONSHORE LLC,41.272508,-77.407522,2011-08-07,2012-11-08
081-20616,ANADARKO E&P ONSHORE LLC,41.272477,-77.407483,2011-08-08,2012-11-08
081-20617,ANADARKO E&P ONSHORE LLC,41.27245,-77.407447,2011-08-09,2012-11-08
081-20618,ANADARKO E&P ONSHORE LLC,41.272419,-77.407408,2011-08-10,2012-11-08
081-20619,ANADARKO E&P ONSHORE LLC,41.272391,-77.407369,2011-08-11,2012-11-08
081-20564,ANADARKO E&P ONSHORE LLC,41.412319,-77.204741,2011-09-30,2012-11-08
081-20714,ANADARKO E&P ONSHORE LLC,41.306183,-77.406808,2011-12-28,2012-11-08
081-20715,ANADARKO E&P ONSHORE LLC,41.306194,-77.406755,2011-12-29,2012-11-08
081-20716,ANADARKO E&P ONSHORE LLC,41.306205,-77.406702,2011-12-30,2012-11-08
081-20673,ANADARKO E&P ONSHORE LLC,41.33445,-77.349558,2011-12-31,2012-11-08
081-20674,ANADARKO E&P ONSHORE LLC,41.334452,-77.349502,2012-01-03,2012-11-08
081-20675,ANADARKO E&P ONSHORE LLC,41.334452,-77.349447,2012-01-04,2012-11-08
081-20676,ANADARKO E&P ONSHORE LLC,41.334455,-77.349394,2012-01-06,2012-11-08
081-20214,ANADARKO E&P ONSHORE LLC,41.381455,-77.52783,2010-01-14,2012-11-07
081-20418,ANADARKO E&P ONSHORE LLC,41.282655,-77.394344,2011-05-13,2012-11-07
081-20600,ANADARKO E&P ONSHORE LLC,41.27355,-77.396219,2011-06-26,2012-11-07
081-20601,ANADARKO E&P ONSHORE LLC,41.273508,-77.396216,2011-07-05,2012-11-07
081-20602,ANADARKO E&P ONSHORE LLC,41.273466,-77.396216,2011-07-11,2012-11-07
081-20603,ANADARKO E&P ONSHORE LLC,41.273425,-77.396213,2011-07-14,2012-11-07
081-20605,ANADARKO E&P ONSHORE LLC,41.273344,-77.396208,2011-07-14,2012-11-07
081-20604,ANADARKO E&P ONSHORE LLC,41.273383,-77.396211,2011-07-17,2012-11-07
081-20667,ANADARKO E&P ONSHORE LLC,41.270305,-77.372005,2011-08-28,2012-11-07
081-20668,ANADARKO E&P ONSHORE LLC,41.270341,-77.371986,2011-08-29,2012-11-07
081-20663,ANADARKO E&P ONSHORE LLC,41.27038,-77.371966,2011-08-30,2012-11-07
081-20664,ANADARKO E&P ONSHORE LLC,41.270419,-77.371944,2011-08-31,2012-11-07
081-20665,ANADARKO E&P ONSHORE LLC,41.270455,-77.371925,2011-09-01,2012-11-07
081-20666,ANADARKO E&P ONSHORE LLC,41.270494,-77.371902,2011-09-02,2012-11-07
081-20734,ANADARKO E&P ONSHORE LLC,41.302591,-77.383727,2011-11-15,2012-11-07
081-20858,ANADARKO E&P ONSHORE LLC,41.356305,-77.49895,2012-02-28,2012-11-07
081-20859,ANADARKO E&P ONSHORE LLC,41.3563,-77.498894,2012-03-01,2012-11-07
081-20860,ANADARKO E&P ONSHORE LLC,41.356294,-77.498841,2012-03-03,2012-11-07
081-20861,ANADARKO E&P ONSHORE LLC,41.356288,-77.498786,2012-03-05,2012-11-07
035-21166,ANADARKO E&P ONSHORE LLC,41.192476,-77.596441,2009-07-06,2012-11-05
035-21263,ANADARKO E&P ONSHORE LLC,41.192763,-77.591822,2009-07-22,2012-11-05
027-21555,ANADARKO E&P ONSHORE LLC,41.106205,-77.772395,2009-11-03,2012-11-05
027-21532,ANADARKO E&P ONSHORE LLC,41.074619,-77.801193,2010-01-02,2012-11-05
027-21545,ANADARKO E&P ONSHORE LLC,41.13423,-77.886554,2010-01-18,2012-11-05
027-21546,ANADARKO E&P ONSHORE LLC,41.134263,-77.886582,2010-01-18,2012-11-05
027-21547,ANADARKO E&P ONSHORE LLC,41.1343,-77.886609,2010-01-18,2012-11-05
035-21192,ANADARKO E&P ONSHORE LLC,41.220002,-77.763522,2010-04-12,2012-11-05
035-21193,ANADARKO E&P ONSHORE LLC,41.284125,-77.712444,2010-05-10,2012-11-05
027-21658,ANADARKO E&P ONSHORE LLC,41.06633,-77.806033,2010-05-19,2012-11-05
027-21657,ANADARKO E&P ONSHORE LLC,41.066355,-77.805988,2010-05-20,2012-11-05
027-21587,ANADARKO E&P ONSHORE LLC,41.059702,-77.826822,2010-05-24,2012-11-05
027-21586,ANADARKO E&P ONSHORE LLC,41.05968,-77.826869,2010-05-27,2012-11-05
027-21590,ANADARKO E&P ONSHORE LLC,41.059761,-77.82668,2010-05-27,2012-11-05
035-21220,ANADARKO E&P ONSHORE LLC,41.222297,-77.707575,2010-07-18,2012-11-05
035-21223,ANADARKO E&P ONSHORE LLC,41.222275,-77.707622,2010-07-18,2012-11-05
035-21206,ANADARKO E&P ONSHORE LLC,41.197905,-77.777172,2010-07-24,2012-11-05
035-21207,ANADARKO E&P ONSHORE LLC,41.197938,-77.777202,2010-07-24,2012-11-05
035-21208,ANADARKO E&P ONSHORE LLC,41.198038,-77.7773,2010-07-24,2012-11-05
035-21209,ANADARKO E&P ONSHORE LLC,41.197972,-77.777236,2010-07-24,2012-11-05
035-21210,ANADARKO E&P ONSHORE LLC,41.198005,-77.777266,2010-07-24,2012-11-05
035-21189,ANADARKO E&P ONSHORE LLC,41.156882,-77.750647,2010-08-18,2012-11-05
035-21190,ANADARKO E&P ONSHORE LLC,41.156921,-77.750627,2010-08-18,2012-11-05
027-21653,ANADARKO E&P ONSHORE LLC,41.066305,-77.806075,2010-10-02,2012-11-05
027-21654,ANADARKO E&P ONSHORE LLC,41.066283,-77.806119,2010-10-03,2012-11-05
027-21655,ANADARKO E&P ONSHORE LLC,41.066258,-77.806161,2010-10-12,2012-11-05
027-21656,ANADARKO E&P ONSHORE LLC,41.066233,-77.806205,2010-10-15,2012-11-05
035-21211,ANADARKO E&P ONSHORE LLC,41.220011,-77.763413,2010-10-21,2012-11-05
035-21212,ANADARKO E&P ONSHORE LLC,41.220019,-77.763305,2010-10-21,2012-11-05
127-20020,HESS CORP,41.994505,-75.471666,2010-11-25,2012-11-05
035-21256,ANADARKO E&P ONSHORE LLC,41.36975,-77.588011,2011-06-15,2012-11-05
035-21258,ANADARKO E&P ONSHORE LLC,41.36983,-77.587994,2011-06-17,2012-11-05
027-21549,ANADARKO E&P ONSHORE LLC,41.074686,-77.801126,2011-12-03,2012-11-05
081-20187,PA GEN ENERGY CO LLC,41.347108,-77.377436,2011-05-16,2012-11-01
081-21049,RANGE RESOURCES APPALACHIA LLC,41.314652,-77.189475,2012-10-25,2012-10-23
127-20021,HESS CORP,41.936969,-75.467963,2010-08-03,2012-10-11
019-21451,WILLIAM MCINTIRE COAL OIL & GAS,40.922029,-79.96764,2007-07-06,2012-10-08
053-29376,PA GEN ENERGY CO LLC,41.555552,-79.173236,2009-07-02,2012-10-03
123-46830,HUNT MARCELLUS OPERATING CO LLC,41.632547,-79.378122,2012-03-08,2012-10-01
081-20058,RANGE RESOURCES APPALACHIA LLC,41.314171,-77.141862,2007-11-02,2012-09-26
105-21302,PA GEN ENERGY CO LLC,41.847794,-78.15756,2007-03-30,2012-09-24
117-21521,SWEPI LP,41.7691,-77.226702,2012-06-25,2012-09-21
117-20224,SWEPI LP,41.771873,-77.319196,2008-12-17,2012-09-07
081-20900,RANGE RESOURCES APPALACHIA LLC,41.369205,-77.16228,2012-06-28,2012-09-06
115-20032,SOUTHWESTERN ENERGY PROD CO,41.832687,-75.781528,2008-07-16,2012-08-10
127-20023,HESS CORP,41.893891,-75.411472,2010-08-05,2012-08-03
115-20031,SOUTHWESTERN ENERGY PROD CO,41.718879,-75.655802,2008-04-03,2012-07-30
015-21892,TALISMAN ENERGY USA INC,41.79963,-76.128855,2011-10-03,2012-07-24
015-21893,TALISMAN ENERGY USA INC,41.79955,-76.128833,2011-10-04,2012-07-24
117-21327,TALISMAN ENERGY USA INC,41.643791,-76.946194,2011-11-23,2012-07-24
117-21326,TALISMAN ENERGY USA INC,41.64373,-76.946266,2011-11-25,2012-07-24
117-21325,TALISMAN ENERGY USA INC,41.643666,-76.946338,2011-11-30,2012-07-24
117-21330,TALISMAN ENERGY USA INC,41.643911,-76.946541,2011-12-05,2012-07-24
117-21329,TALISMAN ENERGY USA INC,41.643847,-76.946613,2011-12-07,2012-07-24
117-21328,TALISMAN ENERGY USA INC,41.643786,-76.946686,2011-12-09,2012-07-24
115-20821,TALISMAN ENERGY USA INC,41.838272,-76.112563,2012-01-27,2012-07-24
115-20820,TALISMAN ENERGY USA INC,41.838188,-76.112577,2012-01-29,2012-07-24
063-37079,MDS ENERGY LTD,40.699155,-79.112986,2011-06-21,2012-07-16
131-20015,CITRUS ENERGY CORP,41.572586,-76.031811,2009-10-21,2012-07-07
015-21544,TALISMAN ENERGY USA INC,41.951769,-76.851972,2011-03-24,2012-06-16
117-20817,SENECA RESOURCES CORP,41.73914,-77.104531,2010-09-09,2012-06-13
117-20818,SENECA RESOURCES CORP,41.739101,-77.104553,2010-09-09,2012-06-13
131-20015,CITRUS ENERGY CORP,41.572586,-76.031811,2009-10-21,2012-06-06
015-21196,TALISMAN ENERGY USA INC,41.836383,-76.239025,2010-10-28,2012-06-06
015-21774,TALISMAN ENERGY USA INC,41.99128,-76.29355,2011-08-05,2012-06-06
015-21320,TALISMAN ENERGY USA INC,41.960436,-76.256388,2011-11-10,2012-06-06
015-22041,TALISMAN ENERGY USA INC,41.923497,-76.34998,2011-11-23,2012-06-06
015-22042,TALISMAN ENERGY USA INC,41.923575,-76.350013,2011-11-24,2012-06-06
015-22044,TALISMAN ENERGY USA INC,41.9392,-76.363286,2012-01-01,2012-06-06
015-22045,TALISMAN ENERGY USA INC,41.939122,-76.363327,2012-01-05,2012-06-06
015-21756,TALISMAN ENERGY USA INC,41.914194,-76.200427,2012-01-15,2012-06-06
015-21757,TALISMAN ENERGY USA INC,41.914113,-76.200402,2012-01-18,2012-06-06
015-22118,TALISMAN ENERGY USA INC,41.987125,-76.313108,2012-03-01,2012-06-06
015-22119,TALISMAN ENERGY USA INC,41.987202,-76.313072,2012-03-01,2012-06-06
015-21192,TALISMAN ENERGY USA INC,41.836675,-76.238827,2010-10-26,2012-06-05
015-21195,TALISMAN ENERGY USA INC,41.836455,-76.238977,2010-10-27,2012-06-05
015-21193,TALISMAN ENERGY USA INC,41.836602,-76.238877,2010-11-03,2012-06-05
015-21194,TALISMAN ENERGY USA INC,41.836527,-76.238927,2010-11-04,2012-06-05
015-21470,TALISMAN ENERGY USA INC,41.861838,-76.150966,2011-06-29,2012-06-05
015-21467,TALISMAN ENERGY USA INC,41.86208,-76.150908,2011-07-02,2012-06-05
015-21468,TALISMAN ENERGY USA INC,41.862,-76.150927,2011-07-03,2012-06-05
015-21156,TALISMAN ENERGY USA INC,41.816822,-76.223775,2011-07-28,2012-06-05
015-20775,TALISMAN ENERGY USA INC,41.724816,-76.783086,2010-05-27,2012-06-04
015-20776,TALISMAN ENERGY USA INC,41.724819,-76.783205,2010-05-28,2012-06-04
015-20947,TALISMAN ENERGY USA INC,41.697275,-76.747438,2010-09-15,2012-06-04
015-20950,TALISMAN ENERGY USA INC,41.697177,-76.74743,2010-09-16,2012-06-04
015-20548,TALISMAN ENERGY USA INC,41.694988,-76.778702,2010-10-28,2012-06-04
015-20549,TALISMAN ENERGY USA INC,41.69528,-76.778997,2010-10-30,2012-06-04
015-20550,TALISMAN ENERGY USA INC,41.695272,-76.778869,2010-11-02,2012-06-04
015-20551,TALISMAN ENERGY USA INC,41.695266,-76.778741,2010-11-03,2012-06-04
015-20580,TALISMAN ENERGY USA INC,41.769691,-76.85973,2010-03-17,2012-06-01
015-20579,TALISMAN ENERGY USA INC,41.769688,-76.859822,2010-03-18,2012-06-01
015-20578,TALISMAN ENERGY USA INC,41.769683,-76.859913,2010-03-19,2012-06-01
015-20577,TALISMAN ENERGY USA INC,41.769677,-76.860005,2010-03-20,2012-06-01
015-20596,TALISMAN ENERGY USA INC,41.711102,-76.83843,2010-06-25,2012-06-01
015-20597,TALISMAN ENERGY USA INC,41.711172,-76.838413,2010-06-25,2012-06-01
015-20598,TALISMAN ENERGY USA INC,41.711238,-76.838397,2010-06-25,2012-06-01
015-20599,TALISMAN ENERGY USA INC,41.711305,-76.83838,2010-06-25,2012-06-01
015-20571,TALISMAN ENERGY USA INC,41.821344,-76.8751,2010-09-13,2012-06-01
015-20569,TALISMAN ENERGY USA INC,41.8212,-76.874988,2010-09-19,2012-06-01
015-20570,TALISMAN ENERGY USA INC,41.821272,-76.875044,2010-09-23,2012-06-01
015-20572,TALISMAN ENERGY USA INC,41.821416,-76.875155,2010-09-28,2012-06-01
015-20566,TALISMAN ENERGY USA INC,41.821305,-76.874858,2010-10-02,2012-06-01
015-20565,TALISMAN ENERGY USA INC,41.821236,-76.874802,2010-10-06,2012-06-01
015-20545,TALISMAN ENERGY USA INC,41.695011,-76.779088,2010-10-24,2012-06-01
015-20546,TALISMAN ENERGY USA INC,41.695002,-76.778961,2010-10-26,2012-06-01
015-20547,TALISMAN ENERGY USA INC,41.694997,-76.778833,2010-10-26,2012-06-01
117-20285,TALISMAN ENERGY USA INC,41.702019,-76.972566,2009-06-05,2012-05-31
117-20286,TALISMAN ENERGY USA INC,41.70203,-76.972475,2009-06-08,2012-05-31
117-20287,TALISMAN ENERGY USA INC,41.702041,-76.972386,2009-06-09,2012-05-31
117-20369,TALISMAN ENERGY USA INC,41.67558,-76.978163,2010-04-30,2012-05-31
117-20370,TALISMAN ENERGY USA INC,41.675586,-76.978255,2010-05-02,2012-05-31
117-20421,TALISMAN ENERGY USA INC,41.682177,-76.965547,2010-05-30,2012-05-31
117-20420,TALISMAN ENERGY USA INC,41.682188,-76.965458,2010-06-03,2012-05-31
117-20418,TALISMAN ENERGY USA INC,41.6822,-76.965366,2010-06-05,2012-05-31
117-20419,TALISMAN ENERGY USA INC,41.682441,-76.965655,2010-06-06,2012-05-31
015-20588,TALISMAN ENERGY USA INC,41.773719,-76.87368,2010-07-14,2012-05-31
015-20589,TALISMAN ENERGY USA INC,41.773733,-76.873591,2010-07-15,2012-05-31
015-20590,TALISMAN ENERGY USA INC,41.773744,-76.873502,2010-07-16,2012-05-31
015-20591,TALISMAN ENERGY USA INC,41.773758,-76.873411,2010-07-17,2012-05-31
117-21331,TALISMAN ENERGY USA INC,41.643972,-76.946472,2011-12-04,2012-05-31
117-21349,TALISMAN ENERGY USA INC,41.665475,-76.989002,2011-12-17,2012-05-31
117-21348,TALISMAN ENERGY USA INC,41.6654,-76.98905,2011-12-19,2012-05-31
117-21347,TALISMAN ENERGY USA INC,41.665325,-76.989094,2011-12-21,2012-05-31
117-21346,TALISMAN ENERGY USA INC,41.66525,-76.989141,2011-12-22,2012-05-31
015-22177,CHESAPEAKE APPALACHIA LLC,41.955061,-76.499802,2012-05-16,2012-05-30
015-20615,TALISMAN ENERGY USA INC,41.75013,-76.83853,2010-02-17,2012-05-22
015-21839,TALISMAN ENERGY USA INC,41.730594,-76.852663,2011-11-19,2012-05-22
015-20469,TALISMAN ENERGY USA INC,41.857433,-76.834116,2009-11-20,2012-05-21
015-20468,TALISMAN ENERGY USA INC,41.857427,-76.834208,2009-11-22,2012-05-21
015-20500,TALISMAN ENERGY USA INC,41.83873,-76.846188,2010-04-28,2012-05-21
015-20501,TALISMAN ENERGY USA INC,41.83873,-76.84628,2010-04-29,2012-05-21
015-20502,TALISMAN ENERGY USA INC,41.838727,-76.846372,2010-05-03,2012-05-21
015-20503,TALISMAN ENERGY USA INC,41.838725,-76.846466,2010-05-04,2012-05-21
015-21500,TALISMAN ENERGY USA INC,41.826458,-76.856227,2011-02-12,2012-05-21
015-21499,TALISMAN ENERGY USA INC,41.826388,-76.856227,2011-02-14,2012-05-21
015-21497,TALISMAN ENERGY USA INC,41.82625,-76.856233,2011-02-16,2012-05-21
015-21498,TALISMAN ENERGY USA INC,41.826319,-76.856233,2011-02-17,2012-05-21
015-21695,TALISMAN ENERGY USA INC,41.790558,-76.831436,2011-06-10,2012-05-21
015-21694,TALISMAN ENERGY USA INC,41.790538,-76.83135,2011-06-11,2012-05-21
015-21693,TALISMAN ENERGY USA INC,41.790519,-76.831261,2011-06-12,2012-05-21
015-21908,TALISMAN ENERGY USA INC,41.848069,-76.817375,2011-09-28,2012-05-21
015-21909,TALISMAN ENERGY USA INC,41.847994,-76.817325,2011-09-29,2012-05-21
015-21910,TALISMAN ENERGY USA INC,41.847922,-76.817277,2011-10-03,2012-05-21
015-21911,TALISMAN ENERGY USA INC,41.847847,-76.81723,2011-10-12,2012-05-21
015-21838,TALISMAN ENERGY USA INC,41.730644,-76.852605,2011-11-17,2012-05-21
015-21837,TALISMAN ENERGY USA INC,41.730697,-76.852544,2012-10-07,2012-05-21
015-20524,TALISMAN ENERGY USA INC,41.837186,-76.893044,2010-03-08,2012-05-17
015-20525,TALISMAN ENERGY USA INC,41.837205,-76.892955,2010-03-08,2012-05-17
015-20526,TALISMAN ENERGY USA INC,41.837222,-76.892866,2010-03-09,2012-05-17
015-20527,TALISMAN ENERGY USA INC,41.837238,-76.892777,2010-03-10,2012-05-17
015-21928,TALISMAN ENERGY USA INC,41.7844,-76.892441,2012-02-14,2012-05-17
015-21927,TALISMAN ENERGY USA INC,41.784483,-76.892463,2012-02-17,2012-05-17
015-21926,TALISMAN ENERGY USA INC,41.784563,-76.892483,2012-02-22,2012-05-17
015-20898,TALISMAN ENERGY USA INC,41.915375,-76.836388,2010-08-30,2012-05-16
015-20831,TALISMAN ENERGY USA INC,41.970166,-76.896819,2011-01-20,2012-05-16
015-20832,TALISMAN ENERGY USA INC,41.970225,-76.896311,2011-01-21,2012-05-16
015-20835,TALISMAN ENERGY USA INC,41.970147,-76.896461,2011-01-24,2012-05-16
015-20897,TALISMAN ENERGY USA INC,41.915352,-76.836475,2011-01-28,2012-05-16
015-21542,TALISMAN ENERGY USA INC,41.951897,-76.851908,2011-03-17,2012-05-16
015-21543,TALISMAN ENERGY USA INC,41.951833,-76.851938,2011-03-18,2012-05-16
015-21545,TALISMAN ENERGY USA INC,41.951705,-76.852002,2011-03-27,2012-05-16
015-21546,TALISMAN ENERGY USA INC,41.951638,-76.852033,2011-03-28,2012-05-16
015-20913,TALISMAN ENERGY USA INC,41.902675,-76.855808,2010-07-21,2012-05-15
015-20914,TALISMAN ENERGY USA INC,41.9027,-76.855722,2010-07-21,2012-05-15
015-20911,TALISMAN ENERGY USA INC,41.902625,-76.855977,2010-07-22,2012-05-15
015-20912,TALISMAN ENERGY USA INC,41.90265,-76.855891,2010-07-22,2012-05-15
015-20904,TALISMAN ENERGY USA INC,41.904086,-76.86665,2010-08-04,2012-05-15
015-20903,TALISMAN ENERGY USA INC,41.90408,-76.866741,2010-12-16,2012-05-15
015-20902,TALISMAN ENERGY USA INC,41.904372,-76.866458,2011-01-04,2012-05-15
015-20901,TALISMAN ENERGY USA INC,41.904366,-76.86655,2011-01-05,2012-05-15
015-20900,TALISMAN ENERGY USA INC,41.904361,-76.866641,2011-01-06,2012-05-15
015-20899,TALISMAN ENERGY USA INC,41.904355,-76.866733,2011-01-07,2012-05-15
015-20894,TALISMAN ENERGY USA INC,41.915108,-76.8363,2011-01-12,2012-05-15
015-20893,TALISMAN ENERGY USA INC,41.915086,-76.836386,2011-01-17,2012-05-15
015-20892,TALISMAN ENERGY USA INC,41.915061,-76.836475,2011-01-20,2012-05-15
015-20896,TALISMAN ENERGY USA INC,41.91533,-76.836561,2011-02-16,2012-05-15
015-20895,TALISMAN ENERGY USA INC,41.915308,-76.836647,2011-02-17,2012-05-15
015-20746,TALISMAN ENERGY USA INC,41.914127,-76.890763,2010-05-11,2012-05-14
015-20749,TALISMAN ENERGY USA INC,41.914075,-76.89103,2010-05-11,2012-05-14
015-20747,TALISMAN ENERGY USA INC,41.914111,-76.89085,2010-05-12,2012-05-14
015-20748,TALISMAN ENERGY USA INC,41.914091,-76.890938,2010-05-12,2012-05-14
015-20743,TALISMAN ENERGY USA INC,41.913836,-76.890688,2010-05-13,2012-05-14
015-20744,TALISMAN ENERGY USA INC,41.913855,-76.890583,2010-05-16,2012-05-14
015-20745,TALISMAN ENERGY USA INC,41.913877,-76.890477,2010-05-16,2012-05-14
015-20804,TALISMAN ENERGY USA INC,41.898727,-76.895016,2010-11-10,2012-05-14
015-20805,TALISMAN ENERGY USA INC,41.898716,-76.895144,2010-11-12,2012-05-14
015-20806,TALISMAN ENERGY USA INC,41.898708,-76.895272,2010-11-13,2012-05-14
015-20807,TALISMAN ENERGY USA INC,41.8987,-76.8954,2010-11-15,2012-05-14
015-20780,TALISMAN ENERGY USA INC,41.880797,-76.854841,2011-03-15,2012-05-14
015-20781,TALISMAN ENERGY USA INC,41.880794,-76.854713,2011-03-16,2012-05-14
015-20782,TALISMAN ENERGY USA INC,41.880791,-76.854583,2011-03-19,2012-05-14
015-20783,TALISMAN ENERGY USA INC,41.880788,-76.854455,2011-03-20,2012-05-14
015-21270,TALISMAN ENERGY USA INC,41.863188,-76.882152,2011-04-01,2012-05-14
015-21271,TALISMAN ENERGY USA INC,41.863108,-76.882127,2011-04-08,2012-05-14
015-21272,TALISMAN ENERGY USA INC,41.863027,-76.882105,2011-04-09,2012-05-14
065-26910,CNX GAS CO LLC,40.974444,-78.847983,2011-11-12,2012-05-09
037-20005,EXCO RESOURCES PA LLC,41.284222,-76.33195,2011-03-07,2012-04-16
117-21423,SWEPI LP,41.843666,-76.958522,2012-02-21,2012-03-19
117-20793,SWEPI LP,41.810916,-76.945747,2011-01-31,2012-03-10
125-22283,RANGE RESOURCES APPALACHIA LLC,40.252328,-80.353277,2006-04-27,2012-02-25
125-22277,RANGE RESOURCES APPALACHIA LLC,40.258773,-80.359888,2006-09-22,2012-02-19
125-22536,RANGE RESOURCES APPALACHIA LLC,40.261189,-80.345277,2007-05-11,2012-02-15
131-20229,CHESAPEAKE APPALACHIA LLC,41.531219,-76.115575,2011-12-27,2012-02-14
059-25636,CNX GAS CO LLC,39.974291,-80.369175,2011-08-31,2012-02-13
125-22434,RANGE RESOURCES APPALACHIA LLC,40.26605,-80.358833,2007-02-12,2012-02-10
125-22431,RANGE RESOURCES APPALACHIA LLC,40.270939,-80.363722,2007-01-31,2012-02-06
125-23900,RANGE RESOURCES APPALACHIA LLC,40.243888,-80.309666,2009-11-11,2012-02-01
019-21464,RE GAS DEV LLC,40.804636,-80.076044,2008-02-07,2012-01-23
125-24273,RANGE RESOURCES APPALACHIA LLC,40.090836,-80.24563,2011-01-04,2012-01-09
125-24276,RANGE RESOURCES APPALACHIA LLC,40.090847,-80.2457,2011-01-04,2012-01-09
125-24298,RANGE RESOURCES APPALACHIA LLC,40.090808,-80.245638,2011-01-04,2012-01-09
125-22636,RANGE RESOURCES APPALACHIA LLC,40.314411,-80.321527,2007-09-25,2011-12-16
023-20149,J W OPERATING CO,41.455786,-78.268222,2011-10-19,2011-12-12
125-22258,RANGE RESOURCES APPALACHIA LLC,40.306689,-80.318166,2006-01-20,2011-12-09
125-22500,RANGE RESOURCES APPALACHIA LLC,40.301606,-80.32125,2007-02-21,2011-12-05
015-20970,SOUTHWESTERN ENERGY PROD CO,41.782375,-76.199,2010-08-10,2011-11-29
019-21469,WILLIAM MCINTIRE COAL OIL & GAS,40.960842,-79.956064,2007-06-27,2011-11-08
111-20289,EQT PRODUCTION CO,39.793062,-79.185649,2010-03-17,2011-11-07
059-25423,CNX GAS CO LLC,39.9744,-80.369233,2011-11-10,2011-10-28
059-25616,CNX GAS CO LLC,39.974358,-80.36928,2011-11-10,2011-10-28
007-20297,EQT PRODUCTION CO,40.813922,-80.208025,2010-03-03,2011-10-26
125-22420,RANGE RESOURCES APPALACHIA LLC,40.26805,-80.347638,2006-10-19,2011-10-18
125-22433,RANGE RESOURCES APPALACHIA LLC,40.271217,-80.353499,2006-12-12,2011-10-10
125-22414,RANGE RESOURCES APPALACHIA LLC,40.275134,-80.342943,2006-11-29,2011-10-06
125-22495,RANGE RESOURCES APPALACHIA LLC,40.274356,-80.34886,2006-12-22,2011-10-03
125-22415,RANGE RESOURCES APPALACHIA LLC,40.276689,-80.354305,2006-10-06,2011-09-26
065-26922,CNX GAS CO LLC,40.955841,-78.857397,2011-09-27,2011-09-26
129-27506,CHEVRON APPALACHIA LLC,40.233355,-79.731674,2008-08-18,2011-09-22
015-20062,RANGE RESOURCES APPALACHIA LLC,41.952313,-76.659666,2006-09-22,2011-09-15
015-20064,RANGE RESOURCES APPALACHIA LLC,41.978248,-76.638759,2006-10-12,2011-09-09
117-20737,SWEPI LP,41.645955,-77.327672,2010-06-24,2011-09-03
117-21051,SWEPI LP,41.719666,-77.120511,2011-01-19,2011-08-27
125-22499,RANGE RESOURCES APPALACHIA LLC,40.3055,-80.326305,2007-08-08,2011-07-13
031-25449,EQT PRODUCTION CO,41.087186,-79.497522,2011-05-05,2011-06-03
079-20012,ENCANA OIL & GAS USA INC,41.289013,-76.292444,2010-07-21,2011-05-21
079-20014,ENCANA OIL & GAS USA INC,41.327777,-76.053466,2010-08-29,2011-05-20
125-24235,RANGE RESOURCES APPALACHIA LLC,40.226188,-80.379375,2011-03-22,2011-05-06
125-24239,RANGE RESOURCES APPALACHIA LLC,40.226225,-80.379438,2011-03-22,2011-05-06
115-20440,CHESAPEAKE APPALACHIA LLC,41.73535,-76.060963,2011-04-11,2011-04-27
111-20271,SAMSON RES CO,39.754734,-78.842188,2009-05-07,2011-04-10
111-20265,SAMSON RES CO,39.928301,-78.775796,2007-11-13,2011-04-03
111-20268,SAMSON RES CO,39.776645,-78.971834,2009-01-28,2011-03-29
125-23173,RANGE RESOURCES APPALACHIA LLC,40.226357,-80.516472,2008-08-18,2011-03-21
015-21232,SWEPI LP,41.610831,-76.791347,2011-04-01,2011-03-15
125-22548,RANGE RESOURCES APPALACHIA LLC,40.256194,-80.348444,2007-04-24,2011-03-12
015-20834,TALISMAN ENERGY USA INC,41.970086,-76.896416,2011-03-05,2011-03-09
125-22259,RANGE RESOURCES APPALACHIA LLC,40.283134,-80.302942,2006-02-20,2011-03-07
125-22638,RANGE RESOURCES APPALACHIA LLC,40.261995,-80.371777,2007-06-18,2011-03-01
125-24160,RANGE RESOURCES APPALACHIA LLC,40.207097,-80.38625,2010-08-03,2011-02-14
125-24412,RANGE RESOURCES APPALACHIA LLC,40.113822,-80.26793,2011-10-20,2011-01-01
125-23383,ATLAS RESOURCES LLC,40.23669,-80.411918,2008-12-20,2010-12-27
059-25370,ENERGY CORP OF AMER,39.864338,-80.027719,2010-09-02,2010-10-13
125-23850,RANGE RESOURCES APPALACHIA LLC,40.078388,-80.224527,2009-12-03,2010-10-05
125-23961,RANGE RESOURCES APPALACHIA LLC,40.078527,-80.224416,2010-01-08,2010-10-04
125-22212,RANGE RESOURCES APPALACHIA LLC,40.275861,-80.307888,2005-07-28,2010-10-03
125-23960,RANGE RESOURCES APPALACHIA LLC,40.0785,-80.224388,2010-01-08,2010-10-01
125-22366,RANGE RESOURCES APPALACHIA LLC,40.287944,-80.314166,2006-06-19,2010-09-23
021-21140,CHESAPEAKE APPALACHIA LLC,40.291769,-78.779031,2009-09-29,2010-09-23
111-20270,SAMSON RES CO,39.933327,-79.001123,2009-03-06,2010-09-20
115-20151,EXCO RESOURCES PA INC,41.713093,-75.590695,2009-07-15,2010-09-09
111-20279,CHESAPEAKE APPALACHIA LLC,40.131382,-78.761976,2009-09-29,2010-09-02
117-20735,SWEPI LP,41.621716,-76.897527,2010-07-11,2010-08-19
035-21204,RANGE RESOURCES APPALACHIA LLC,41.246655,-77.474663,2010-08-07,2010-08-14
035-21124,RANGE RESOURCES APPALACHIA LLC,41.230617,-77.467373,2008-09-23,2010-08-09
035-21123,RANGE RESOURCES APPALACHIA LLC,41.246617,-77.474456,2008-10-12,2010-08-02
047-24120,PA GEN ENERGY CO LLC,41.590514,-78.649941,2008-07-14,2010-07-19
053-29488,PA GEN ENERGY CO LLC,41.466442,-79.307499,2009-07-27,2010-07-13
105-21240,PA GEN ENERGY CO LLC,41.713803,-78.14474,2007-02-26,2010-06-21
105-21299,PA GEN ENERGY CO LLC,41.878349,-78.156015,2007-04-09,2010-06-15
105-21404,PA GEN ENERGY CO LLC,41.845363,-78.155915,2007-11-28,2010-06-09
083-52928,PA GEN ENERGY CO LLC,41.637466,-78.370143,2007-12-27,2010-06-09
117-20426,SWEPI LP,41.805396,-76.953878,2009-12-16,2010-05-16
083-53224,PA GEN ENERGY CO LLC,41.635218,-78.368573,2008-12-29,2010-05-10
115-20213,STONE ENERGY CORP,41.770316,-76.103931,2009-10-06,2010-05-07
115-20026,CABOT OIL & GAS CORP,41.744566,-75.879518,2008-08-11,2010-04-29
115-20019,CABOT OIL & GAS CORP,41.733888,-75.876963,2008-05-28,2010-04-26
053-29710,SENECA RESOURCES CORP,41.416509,-79.459517,2010-04-09,2010-04-09
115-20019,CABOT OIL & GAS CORP,41.733888,-75.876963,2008-05-28,2010-04-06
047-24280,SENECA RESOURCES CORP,41.584278,-78.821283,2009-07-22,2010-01-27
125-23877,RANGE RESOURCES APPALACHIA LLC,40.240111,-80.46475,2009-12-14,2010-01-26
129-25196,GREAT OAK ENERGY INC,40.452427,-79.551639,2009-12-05,2010-01-22
031-25084,SNYDER BROS INC,41.046418,-79.346375,2009-11-11,2010-01-20
129-25196,GREAT OAK ENERGY INC,40.452427,-79.551639,2009-12-05,2009-12-05
105-21409,GUARDIAN EXPLORATION LLC,41.807316,-78.121378,2008-02-12,2009-08-04
081-20134,RANGE RESOURCES APPALACHIA LLC,41.374615,-77.134472,2009-07-27,2009-07-23
115-20151,EXCO RESOURCES PA INC,41.713093,-75.590695,2009-07-15,2009-05-26
115-20019,CABOT OIL & GAS CORP,41.733888,-75.876963,2008-05-28,2008-10-07
059-24798,RANGE RESOURCES APPALACHIA LLC,39.815108,-80.004555,2008-08-15,2008-09-30
047-23938,EOG RESOURCES INC,41.497478,-78.592159,2007-11-26,2008-01-13
019-21456,XTO ENERGY INC,40.764076,-79.83932,2007-07-03,2007-06-26
